"project_description,skills"
"""Developed an e-commerce website using Magento and integrated with PayPal"", ""Magento|PayPal|PHP|JavaScript|HTML|CSS"""
"""Created a blogging platform with user authentication and role-based access control using Ruby on Rails"", ""Ruby on Rails|Authentication|Role-Based Access Control|JavaScript|HTML|CSS"""
"""Built a content management system with custom plugins using WordPress"", ""WordPress|PHP|Custom Plugins|JavaScript|HTML|CSS"""
"""Designed a single-page application with Angular and RESTful API integration"", ""Angular|RESTful API|JavaScript|HTML|CSS"""
"""Implemented a progressive web app with offline support using Vue.js and Service Workers"", ""Vue.js|Service Workers|PWA|JavaScript|HTML|CSS"""
"""Developed a social media platform with real-time chat functionality using Node.js and Socket.io"", ""Node.js|Socket.io|JavaScript|Real-time Chat|HTML|CSS"""
"""Created an online booking system with calendar integration using Laravel and Vue.js"", ""Laravel|Vue.js|PHP|JavaScript|HTML|CSS"""
"""Built a forum application with user profiles and moderation tools using Flask and React"", ""Flask|React|JavaScript|HTML|CSS"""
"""Designed a multilingual website with content translation and localization using Next.js"", ""Next.js|Localization|JavaScript|HTML|CSS"""
"""Developed a real-time collaboration tool with WebSockets and React"", ""WebSockets|React|JavaScript|Real-time Collaboration|HTML|CSS"""
"""Implemented an admin dashboard with data visualization using D3.js and React"", ""D3.js|React|Data Visualization|JavaScript|HTML|CSS"""
"""Built a job portal with search and filter functionality using ASP.NET Core and Angular"", ""ASP.NET Core|Angular|JavaScript|HTML|CSS"""
"""Designed a photo gallery website with image optimization and lazy loading using Gatsby.js"", ""Gatsby.js|Image Optimization|Lazy Loading|JavaScript|HTML|CSS"""
"""Created an online quiz application with timer and scoring features using Django and React"", ""Django|React|JavaScript|HTML|CSS"""
"""Developed a personal portfolio website with animations and transitions using HTML, CSS, and JavaScript"", ""HTML|CSS|JavaScript|Animations|Transitions"""
"""Developed an online learning platform with video streaming and quizzes using MERN stack"", ""MongoDB|Express.js|React|Node.js|JavaScript|HTML|CSS"""
"""Created a weather forecasting website using React and OpenWeatherMap API"", ""React|OpenWeatherMap API|JavaScript|HTML|CSS"""
"""Built a travel booking site with Laravel and Leaflet.js"", ""Laravel|Leaflet.js|PHP|JavaScript|HTML|CSS"""
"""Implemented a restaurant reservation system using Django and Twilio"", ""Django|Twilio|Python|JavaScript|HTML|CSS"""
"""Developed a fitness tracking app with Ruby on Rails"", ""Ruby on Rails|Activity Logging|Analytics|JavaScript|HTML|CSS"""
"""Designed an event management platform using MEAN stack"", ""MongoDB|Express.js|Angular|Node.js|JavaScript|HTML|CSS"""
"""Built a news aggregator website with Flask and React"", ""Flask|React|RSS Feeds|JavaScript|HTML|CSS"""
"""Created a job board with Spring Boot and Thymeleaf"", ""Spring Boot|Thymeleaf|Java|JavaScript|HTML|CSS"""
"""Implemented an online survey tool using Vue.js and Firebase"", ""Vue.js|Firebase|JavaScript|HTML|CSS"""
"""Developed a crowdfunding platform with Django and Stripe"", ""Django|Stripe|Python|JavaScript|HTML|CSS"""
"""Built an online marketplace with ASP.NET Core and Angular"", ""ASP.NET Core|Angular|JavaScript|HTML|CSS"""
"""Created a knowledge base website using WordPress and Elasticsearch"", ""WordPress|Elasticsearch|PHP|JavaScript|HTML|CSS"""
"""Developed a portfolio website with Jekyll and GitHub Pages"", ""Jekyll|GitHub Pages|Markdown|HTML|CSS"""
"""Built an online poll application with Node.js and Pusher"", ""Node.js|Pusher|JavaScript|Real-time Polling|HTML|CSS"""
"""Designed a photo-sharing website with Laravel and Vue.js"", ""Laravel|Vue.js|PHP|JavaScript|HTML|CSS"""
"""Developed a real estate listing site with React and Mapbox"", ""React|Mapbox|JavaScript|HTML|CSS"""
"""Created an online store with inventory management and order tracking using Django and React"", ""Django|React|Inventory Management|JavaScript|HTML|CSS"""
"""Built a virtual classroom with live video and chat features using WebRTC and React"", ""WebRTC|React|JavaScript|Live Video|HTML|CSS"""
"""Developed a recipe sharing platform with Ruby on Rails"", ""Ruby on Rails|User-generated Content|Ratings|JavaScript|HTML|CSS"""
"""Implemented a subscription-based content site with Stripe integration using Next.js and Node.js"", ""Next.js|Node.js|Stripe|JavaScript|HTML|CSS"""
"project_description,skills"
"""Developed an e-commerce website using Magento and integrated with PayPal"", ""Magento|PayPal|PHP|JavaScript|HTML|CSS"""
"""Created a blogging platform with user authentication and role-based access control using Ruby on Rails"", ""Ruby on Rails|Authentication|Role-Based Access Control|JavaScript|HTML|CSS"""
"""Built a content management system with custom plugins using WordPress"", ""WordPress|PHP|Custom Plugins|JavaScript|HTML|CSS"""
"""Designed a single-page application with Angular and RESTful API integration"", ""Angular|RESTful API|JavaScript|HTML|CSS"""
"""Implemented a progressive web app with offline support using Vue.js and Service Workers"", ""Vue.js|Service Workers|PWA|JavaScript|HTML|CSS"""
"""Developed a social media platform with real-time chat functionality using Node.js and Socket.io"", ""Node.js|Socket.io|JavaScript|Real-time Chat|HTML|CSS"""
"""Created an online booking system with calendar integration using Laravel and Vue.js"", ""Laravel|Vue.js|PHP|JavaScript|HTML|CSS"""
"""Built a forum application with user profiles and moderation tools using Flask and React"", ""Flask|React|JavaScript|HTML|CSS"""
"""Designed a multilingual website with content translation and localization using Next.js"", ""Next.js|Localization|JavaScript|HTML|CSS"""
"""Developed a real-time collaboration tool with WebSockets and React"", ""WebSockets|React|JavaScript|Real-time Collaboration|HTML|CSS"""
"""Implemented an admin dashboard with data visualization using D3.js and React"", ""D3.js|React|Data Visualization|JavaScript|HTML|CSS"""
"""Built a job portal with search and filter functionality using ASP.NET Core and Angular"", ""ASP.NET Core|Angular|JavaScript|HTML|CSS"""
"""Designed a photo gallery website with image optimization and lazy loading using Gatsby.js"", ""Gatsby.js|Image Optimization|Lazy Loading|JavaScript|HTML|CSS"""
"""Created an online quiz application with timer and scoring features using Django and React"", ""Django|React|JavaScript|HTML|CSS"""
"""Developed a personal portfolio website with animations and transitions using HTML, CSS, and JavaScript"", ""HTML|CSS|JavaScript|Animations|Transitions"""
"""Developed an online learning platform with video streaming and quizzes using MERN stack"", ""MongoDB|Express.js|React|Node.js|JavaScript|HTML|CSS"""
"""Created a weather forecasting website using React and OpenWeatherMap API"", ""React|OpenWeatherMap API|JavaScript|HTML|CSS"""
"""Built a travel booking site with Laravel and Leaflet.js"", ""Laravel|Leaflet.js|PHP|JavaScript|HTML|CSS"""
"""Implemented a restaurant reservation system using Django and Twilio"", ""Django|Twilio|Python|JavaScript|HTML|CSS"""
"""Developed a fitness tracking app with Ruby on Rails"", ""Ruby on Rails|Activity Logging|Analytics|JavaScript|HTML|CSS"""
"""Designed an event management platform using MEAN stack"", ""MongoDB|Express.js|Angular|Node.js|JavaScript|HTML|CSS"""
"""Built a news aggregator website with Flask and React"", ""Flask|React|RSS Feeds|JavaScript|HTML|CSS"""
"""Created a job board with Spring Boot and Thymeleaf"", ""Spring Boot|Thymeleaf|Java|JavaScript|HTML|CSS"""
"""Implemented an online survey tool using Vue.js and Firebase"", ""Vue.js|Firebase|JavaScript|HTML|CSS"""
"""Developed a crowdfunding platform with Django and Stripe"", ""Django|Stripe|Python|JavaScript|HTML|CSS"""
"""Built an online marketplace with ASP.NET Core and Angular"", ""ASP.NET Core|Angular|JavaScript|HTML|CSS"""
"""Created a knowledge base website using WordPress and Elasticsearch"", ""WordPress|Elasticsearch|PHP|JavaScript|HTML|CSS"""
"""Developed a portfolio website with Jekyll and GitHub Pages"", ""Jekyll|GitHub Pages|Markdown|HTML|CSS"""
"""Built an online poll application with Node.js and Pusher"", ""Node.js|Pusher|JavaScript|Real-time Polling|HTML|CSS"""
"""Designed a photo-sharing website with Laravel and Vue.js"", ""Laravel|Vue.js|PHP|JavaScript|HTML|CSS"""
"""Developed a real estate listing site with React and Mapbox"", ""React|Mapbox|JavaScript|HTML|CSS"""
"""Created an online store with inventory management and order tracking using Django and React"", ""Django|React|Inventory Management|JavaScript|HTML|CSS"""
"""Built a virtual classroom with live video and chat features using WebRTC and React"", ""WebRTC|React|JavaScript|Live Video|HTML|CSS"""
"""Developed a recipe sharing platform with Ruby on Rails"", ""Ruby on Rails|User-generated Content|Ratings|JavaScript|HTML|CSS"""
"""Implemented a subscription-based content site with Stripe integration using Next.js and Node.js"", ""Next.js|Node.js|Stripe|JavaScript|HTML|CSS"""
""
""
""
""
""
""
""
"project_description,skills"
"""Developed a predictive maintenance model for industrial equipment using Python and scikit-learn"", ""Python|scikit-learn|Predictive Maintenance|Machine Learning"""
"""Built a customer segmentation model for marketing campaigns using K-means clustering"", ""K-means Clustering|Python|Data Science|Machine Learning"""
"""Created a recommendation system for an e-commerce platform using collaborative filtering"", ""Collaborative Filtering|Python|Recommendation System|Data Science"""
"""Implemented a fraud detection system using anomaly detection techniques"", ""Anomaly Detection|Python|Data Science|Machine Learning"""
"""Developed a time series forecasting model for sales prediction using ARIMA"", ""ARIMA|Time Series Forecasting|Python|Data Science"""
"""Built a sentiment analysis tool for social media data using NLP techniques"", ""NLP|Python|Sentiment Analysis|Data Science"""
"""Created a churn prediction model for a telecom company using logistic regression"", ""Logistic Regression|Python|Churn Prediction|Data Science"""
"""Developed a computer vision model for object detection using TensorFlow"", ""TensorFlow|Python|Computer Vision|Object Detection"""
"""Implemented an automated data cleaning and preprocessing pipeline using Pandas"", ""Pandas|Python|Data Cleaning|Data Science"""
"""Built a dashboard for visualizing business metrics using Tableau"", ""Tableau|Data Visualization|Business Metrics|Data Science"""
"""Created a machine learning model for predicting house prices using linear regression"", ""Linear Regression|Python|Machine Learning|Data Science"""
"""Developed a clustering model for market basket analysis using Apriori algorithm"", ""Apriori Algorithm|Clustering|Python|Data Science"""
"""Built a natural language processing model for text classification using spaCy"", ""spaCy|NLP|Python|Text Classification"""
"""Implemented a deep learning model for image classification using Keras"", ""Keras|Deep Learning|Python|Image Classification"""
"""Developed a web scraping tool to collect data from websites using BeautifulSoup"", ""BeautifulSoup|Web Scraping|Python|Data Science"""
"""Created a predictive model for stock price forecasting using LSTM networks"", ""LSTM|Time Series Forecasting|Python|Data Science"""
"""Built a real-time data pipeline for streaming data analysis using Apache Kafka"", ""Apache Kafka|Streaming Data|Python|Data Science"""
"""Implemented a data warehouse solution for a retail company using SQL"", ""SQL|Data Warehouse|Data Science|Retail"""
"""Developed a machine learning model for credit scoring using Random Forest"", ""Random Forest|Machine Learning|Python|Credit Scoring"""
"""Built a big data analytics platform using Hadoop and Spark"", ""Hadoop|Spark|Big Data|Data Science"""
"""Created a data visualization tool for geographical data using Plotly"", ""Plotly|Data Visualization|Geographical Data|Python"""
"""Developed an anomaly detection model for network security using Isolation Forest"", ""Isolation Forest|Anomaly Detection|Python|Network Security"""
"""Implemented a recommendation engine for movie suggestions using collaborative filtering"", ""Collaborative Filtering|Python|Recommendation Engine|Data Science"""
"""Built a chatbot for customer support using Rasa and NLP techniques"", ""Rasa|NLP|Python|Chatbot"""
"""Created a data analysis report for financial forecasting using Excel and Python"", ""Excel|Python|Financial Forecasting|Data Analysis"""
"""Developed a machine learning model for diabetes prediction using Decision Trees"", ""Decision Trees|Python|Machine Learning|Diabetes Prediction"""
"""Built a data pipeline for ETL processes using Apache Airflow"", ""Apache Airflow|ETL|Python|Data Science"""
"""Implemented a customer lifetime value prediction model using XGBoost"", ""XGBoost|Customer Lifetime Value|Python|Data Science"""
"""Created an interactive data visualization dashboard using Dash"", ""Dash|Data Visualization|Python|Data Science"""
"""Developed a machine learning model for spam email detection using Naive Bayes"", ""Naive Bayes|Spam Detection|Python|Data Science"""
""
""
""
""
""
""
"project_description,skills"
"""Developed a risk assessment model for loan approval using logistic regression"", ""Logistic Regression|Python|Risk Assessment|Finance"""
"""Built a financial forecasting model for budgeting and planning using ARIMA"", ""ARIMA|Financial Forecasting|Python|Finance"""
"""Created a fraud detection system for online banking using anomaly detection"", ""Anomaly Detection|Python|Fraud Detection|Banking"""
"""Implemented a credit scoring model using machine learning techniques"", ""Machine Learning|Python|Credit Scoring|Finance"""
"""Developed a portfolio optimization tool using Markowitz model"", ""Markowitz Model|Portfolio Optimization|Python|Finance"""
"""Built a stock price prediction model using time series analysis"", ""Time Series Analysis|Python|Stock Price Prediction|Finance"""
"""Created a financial dashboard for real-time data visualization using Power BI"", ""Power BI|Data Visualization|Finance|Real-time Data"""
"""Implemented an automated trading system using algorithmic trading strategies"", ""Algorithmic Trading|Python|Finance|Trading System"""
"""Developed a customer segmentation model for personalized marketing using K-means clustering"", ""K-means Clustering|Python|Customer Segmentation|Finance"""
"""Built a financial risk management system using Monte Carlo simulations"", ""Monte Carlo Simulations|Risk Management|Python|Finance"""
"""Created a financial statement analysis tool using ratio analysis techniques"", ""Ratio Analysis|Financial Statement Analysis|Python|Finance"""
"""Implemented a revenue forecasting model for a retail bank using linear regression"", ""Linear Regression|Revenue Forecasting|Python|Finance"""
"""Developed a loan default prediction model using Random Forest"", ""Random Forest|Loan Default Prediction|Python|Finance"""
"""Built a web application for personal finance management using Django"", ""Django|Personal Finance Management|Python|Finance"""
"""Created a machine learning model for predicting credit card fraud using decision trees"", ""Decision Trees|Credit Card Fraud|Python|Finance"""
"""Implemented a financial data pipeline for ETL processes using Apache NiFi"", ""Apache NiFi|ETL|Python|Finance"""
"""Developed a real-time stock market analysis tool using Flask and WebSockets"", ""Flask|WebSockets|Python|Real-time Stock Market Analysis"""
"""Built a financial portfolio tracker with risk analysis using Excel and Python"", ""Excel|Python|Portfolio Tracker|Risk Analysis"""
"""Created a financial sentiment analysis tool using NLP techniques"", ""NLP|Python|Sentiment Analysis|Finance"""
"""Implemented an automated financial report generation system using Python"", ""Automated Report Generation|Python|Finance"""
"""Developed a bond pricing model using yield curve analysis"", ""Yield Curve Analysis|Bond Pricing|Python|Finance"""
"""Built a mortgage calculator web application using React and Node.js"", ""React|Node.js|Mortgage Calculator|JavaScript"""
"""Created a predictive model for customer churn in banking using XGBoost"", ""XGBoost|Customer Churn Prediction|Python|Banking"""
"""Implemented a financial planning and analysis (FP&A) tool using Tableau"", ""Tableau|FP&A|Data Visualization|Finance"""
"""Developed a currency exchange rate prediction model using LSTM networks"", ""LSTM|Currency Exchange Rate Prediction|Python|Finance"""
"""Built a financial advisory chatbot using Rasa and financial data APIs"", ""Rasa|Chatbot|Python|Finance"""
"""Created a real-time financial news aggregator using Flask and BeautifulSoup"", ""Flask|BeautifulSoup|Python|Real-time Financial News"""
"""Implemented a bank customer feedback analysis tool using sentiment analysis"", ""Sentiment Analysis|Python|Customer Feedback|Banking"""
"""Developed a machine learning model for insurance claim prediction using Support Vector Machines"", ""Support Vector Machines|Insurance Claim Prediction|Python|Finance"""
"""Built a financial knowledge graph using Neo4j and Python"", ""Neo4j|Knowledge Graph|Python|Finance"""
""
""
""
""
""
""
"project_description,skills"
"""Developed an online learning management system using Moodle and PHP"", ""Moodle|PHP|Learning Management System|Education"""
"""Created an interactive e-learning platform using React and Node.js"", ""React|Node.js|JavaScript|E-learning"""
"""Built a virtual classroom application with video conferencing using WebRTC"", ""WebRTC|JavaScript|Virtual Classroom|Education"""
"""Designed a mobile app for language learning using Flutter and Dart"", ""Flutter|Dart|Mobile App|Language Learning"""
"""Implemented an automated grading system using machine learning techniques"", ""Machine Learning|Python|Automated Grading|Education"""
"""Developed a student attendance tracking system using RFID and Python"", ""RFID|Python|Attendance Tracking|Education"""
"""Built a quiz application with real-time feedback using Django and React"", ""Django|React|JavaScript|Quiz Application"""
"""Created a gamified learning platform using Unity and C#"", ""Unity|C#|Gamified Learning|Education"""
"""Implemented a course recommendation system using collaborative filtering"", ""Collaborative Filtering|Python|Recommendation System|Education"""
"""Developed a mobile app for school communication using React Native"", ""React Native|JavaScript|Mobile App|School Communication"""
"""Built an online exam proctoring system using facial recognition"", ""Facial Recognition|Python|Exam Proctoring|Education"""
"""Created an educational chatbot for student queries using Rasa and NLP"", ""Rasa|NLP|Python|Chatbot"""
"""Implemented a web-based homework submission system using Flask"", ""Flask|Python|Homework Submission|Education"""
"""Developed a library management system with RFID integration"", ""RFID|Python|Library Management|Education"""
"""Built a real-time classroom participation tracker using Socket.io"", ""Socket.io|JavaScript|Real-time Tracking|Education"""
"""Created a virtual laboratory simulation platform using HTML5 and JavaScript"", ""HTML5|JavaScript|Virtual Laboratory|Education"""
"""Implemented a personalized learning analytics dashboard using Power BI"", ""Power BI|Data Visualization|Personalized Learning|Education"""
"""Developed an interactive whiteboard application using Canvas API"", ""Canvas API|"
""
"project_description,skills"
"""Designed a brand identity for a startup including logo, business cards, and letterheads"", ""Brand Identity|Logo Design|Adobe Illustrator|Graphic Design"""
"""Created an advertising campaign with print and digital materials using Adobe Creative Suite"", ""Advertising Campaign|Print Design|Digital Design|Adobe Creative Suite"""
"""Developed a responsive website layout with custom graphics using HTML, CSS, and Photoshop"", ""HTML|CSS|Photoshop|Web Design|Graphic Design"""
"""Designed social media graphics and templates for a marketing campaign"", ""Social Media Graphics|Templates|Adobe Photoshop|Graphic Design"""
"""Created an animated explainer video using Adobe After Effects"", ""After Effects|Animation|Explainer Video|Graphic Design"""
"""Developed a series of infographics for data visualization using Illustrator and Photoshop"", ""Infographics|Data Visualization|Illustrator|Photoshop|Graphic Design"""
"""Designed a product packaging concept including labels and box design"", ""Product Packaging|Label Design|Box Design|Adobe Illustrator|Graphic Design"""
"""Created an e-book layout with illustrations and interactive elements"", ""E-book Layout|Illustrations|Adobe InDesign|Interactive Elements|Graphic Design"""
"""Developed a user interface design for a mobile app using Sketch and Figma"", ""UI Design|Mobile App|Sketch|Figma|Graphic Design"""
"""Designed a print brochure and flyer for a promotional event"", ""Print Brochure|Flyer Design|Adobe InDesign|Graphic Design"""
"""Created a custom icon set for a web application using Illustrator"", ""Icon Design|Web Application|Illustrator|Graphic Design"""
"""Developed a visual style guide and brand guidelines for a company"", ""Visual Style Guide|Brand Guidelines|Adobe Illustrator|Graphic Design"""
"""Designed a trade show booth with banners, posters, and promotional materials"", ""Trade Show Booth|Banners|Posters|Adobe Illustrator|Graphic Design"""
"""Created a digital portfolio website to showcase graphic design work"", ""Digital Portfolio|Web Design|HTML|CSS|Graphic Design"""
"""Developed a 3D product rendering and mockup using Blender"", ""3D Rendering|Product Mockup|Blender|Graphic Design"""
"""Designed a magazine layout with editorial content and advertisements"", ""Magazine Layout|Editorial Design|Adobe InDesign|Graphic Design"""
"""Created motion graphics for a video marketing campaign using After Effects"", ""Motion Graphics|After Effects|Video Marketing|Graphic Design"""
"""Developed a logo and branding for a nonprofit organization"", ""Logo Design|Branding|Adobe Illustrator|Graphic Design"""
"""Designed a series of posters for a cultural event using Photoshop"", ""Poster Design|Cultural Event|Photoshop|Graphic Design"""
"""Created an interactive PDF with hyperlinks and multimedia elements"", ""Interactive PDF|Hyperlinks|Multimedia|Adobe Acrobat|Graphic Design"""
"""Developed a visual content strategy for a social media platform"", ""Visual Content Strategy|Social Media|Adobe Creative Suite|Graphic Design"""
"""Designed a book cover and layout for a self-published author"", ""Book Cover Design|Book Layout|Adobe InDesign|Graphic Design"""
"""Created a website banner and graphics for an online store"", ""Website Banner|Online Store|Adobe Photoshop|Graphic Design"""
"""Developed a presentation template for corporate use in PowerPoint"", ""Presentation Template|Corporate Design|PowerPoint|Graphic Design"""
"""Designed a newsletter template and graphics for email marketing"", ""Newsletter Template|Email Marketing|Adobe InDesign|Graphic Design"""
"""Created a custom typography and font design using Illustrator"", ""Custom Typography|Font Design|Illustrator|Graphic Design"""
"""Developed a visual campaign for a product launch including web and print materials"", ""Product Launch|Visual Campaign|Web Design|Print Design|Adobe Creative Suite"""
"""Designed a landing page with custom graphics and UI elements"", ""Landing Page|UI Design|Custom Graphics|Adobe XD|Graphic Design"""
"""Created a packaging design for a food product including box and label"", ""Packaging Design|Food Product|Box Design|Label Design|Adobe Illustrator|Graphic Design"""
"""Developed a visual identity for a fashion brand including logo and marketing materials"", ""Visual Identity|Fashion Brand|Logo Design|Marketing Materials|Adobe Creative Suite"""
""
""
"project_description,skills"
"""Developed a case management system for law firms using Django"", ""Django|Python|Case Management|Law"""
"""Created a legal document automation tool using Python and NLP"", ""Python|NLP|Legal Document Automation|Law"""
"""Built a legal research platform with advanced search functionality using Elasticsearch"", ""Elasticsearch|Python|Legal Research|Law"""
"""Designed a contract management system using ASP.NET Core"", ""ASP.NET Core|C#|Contract Management|Law"""
"""Implemented an online dispute resolution platform using Node.js and React"", ""Node.js|React|JavaScript|Dispute Resolution"""
"""Developed a chatbot for legal advice using Rasa and machine learning"", ""Rasa|Machine Learning|Python|Chatbot"""
"""Built an e-discovery tool for legal professionals using Python and OCR"", ""Python|OCR|E-discovery|Law"""
"""Created a legal case prediction model using machine learning techniques"", ""Machine Learning|Python|Legal Case Prediction|Law"""
"""Implemented a legal document review system with annotation features"", ""JavaScript|Python|Document Review|Law"""
"""Developed a client intake system for law firms using Laravel"", ""Laravel|PHP|Client Intake System|Law"""
"""Built a court hearing scheduling system with calendar integration"", ""JavaScript|Python|Scheduling System|Law"""
"""Created a mobile app for legal consultation using React Native"", ""React Native|JavaScript|Mobile App|Legal Consultation"""
"""Implemented a legal billing and invoicing system using Ruby on Rails"", ""Ruby on Rails|Billing|Invoicing|Law"""
"""Developed a legal knowledge management platform using WordPress"", ""WordPress|PHP|Knowledge Management|Law"""
"""Built an online legal marketplace connecting lawyers and clients"", ""JavaScript|Python|Online Marketplace|Law"""
"""Created a document version control system for legal documents using Git"", ""Git|Python|Document Version Control|Law"""
"""Implemented a legal workflow automation system using Zapier"", ""Zapier|Python|Workflow Automation|Law"""
"""Developed a real-time collaboration tool for legal teams using WebSockets"", ""WebSockets|JavaScript|Real-time Collaboration|Law"""
"""Built a GDPR compliance tool for legal firms using Python and Django"", ""Python|Django|GDPR Compliance|Law"""
"""Created an AI-powered legal contract analysis tool using machine learning"", ""Machine Learning|Python|Contract Analysis|Law"""
"""Implemented a secure document sharing platform for law firms using Flask"", ""Flask|Python|Document Sharing|Law"""
"""Developed a legal citation analysis tool using NLP techniques"", ""NLP|Python|Citation Analysis|Law"""
"""Built a legal transcription service using speech-to-text technologies"", ""Speech-to-text|Python|Legal Transcription|Law"""
"""Created a bankruptcy case management system using ASP.NET Core"", ""ASP.NET Core|C#|Case Management|Law"""
"""Implemented a legal case tracking system with real-time notifications"", ""JavaScript|Python|Case Tracking|Law"""
"""Developed a virtual legal assistant using AI and machine learning"", ""AI|Machine Learning|Python|Virtual Assistant|Law"""
"""Built a legal compliance monitoring system using Python and Django"", ""Python|Django|Compliance Monitoring|Law"""
"""Created a litigation support tool with document search and retrieval"", ""JavaScript|Python|Litigation Support|Law"""
"""Implemented a client communication portal for law firms using Node.js"", ""Node.js|JavaScript|Client Communication|Law"""
"""Developed a legal document comparison tool using Python and NLP"", ""Python|NLP|Document Comparison|Law"""
""
"project_description,skills"
"""Developed an automatic vulnerability scanner tool for detecting security flaws in web applications"", ""Cybersecurity|Vulnerability Scanning|Python|OWASP|Nmap|Nessus|Penetration Testing"""
"""Implemented a firewall for network security using iptables"", ""Firewall|Network Security|iptables|Linux|Bash|Cybersecurity"""
"""Created a secure file encryption tool with AES encryption"", ""File Encryption|AES|Python|Cryptography|Cybersecurity"""
"""Developed a real-time intrusion detection system using Snort"", ""Intrusion Detection|Snort|Network Security|Cybersecurity|Bash"""
"""Designed a password manager application with secure storage"", ""Password Manager|Python|Encryption|Cybersecurity|Flask"""
"""Built a secure VPN server using OpenVPN"", ""VPN|OpenVPN|Network Security|Linux|Bash|Cybersecurity"""
"""Created a web application firewall (WAF) for protecting web applications"", ""Web Application Firewall|WAF|ModSecurity|Apache|Cybersecurity|Linux"""
"""Developed a phishing detection system using machine learning"", ""Phishing Detection|Machine Learning|Python|Cybersecurity|Scikit-learn"""
"""Implemented a secure authentication system with OAuth2"", ""OAuth2|Authentication|Python|Flask|Cybersecurity|JWT"""
"""Designed a secure messaging app with end-to-end encryption"", ""Secure Messaging|End-to-End Encryption|Java|Android|Cryptography|Cybersecurity"""
"""Built a network packet analyzer using Wireshark"", ""Network Packet Analysis|Wireshark|Network Security|Cybersecurity|Linux"""
"""Developed a ransomware detection tool using behavioral analysis"", ""Ransomware Detection|Behavioral Analysis|Python|Cybersecurity|Machine Learning"""
"""Created a secure cloud storage solution with client-side encryption"", ""Cloud Storage|Client-Side Encryption|JavaScript|Node.js|Cybersecurity"""
"""Implemented a honeypot for detecting and analyzing cyber attacks"", ""Honeypot|Network Security|Python|Cybersecurity|Kippo"""
"""Designed a blockchain-based identity verification system"", ""Identity Verification|Blockchain|Ethereum|Solidity|Cybersecurity"""
"""Built a secure email system with PGP encryption"", ""Secure Email|PGP|Encryption|Python|Cybersecurity"""
"""Developed a DDoS mitigation system using traffic analysis"", ""DDoS Mitigation|Traffic Analysis|Python|Cybersecurity|Network Security"""
"""Created a tool for secure remote access using SSH"", ""Secure Remote Access|SSH|Linux|Bash|Cybersecurity"""
"""Implemented a malware analysis sandbox for dynamic analysis"", ""Malware Analysis|Sandbox|Python|Cybersecurity|Cuckoo Sandbox"""
"""Designed a secure API gateway with rate limiting and authentication"", ""API Gateway|Rate Limiting|Authentication|Node.js|Cybersecurity"""
"""Built a secure DNS server with DNSSEC"", ""DNS Security|DNSSEC|BIND|Linux|Cybersecurity"""
"""Developed a secure configuration management tool for servers"", ""Configuration Management|Ansible|Linux|Cybersecurity|YAML"""
"""Created a browser extension for detecting malicious websites"", ""Browser Extension|Malicious Website Detection|JavaScript|Cybersecurity"""
"""Implemented a secure IoT framework with device authentication"", ""IoT Security|Device Authentication|Python|MQTT|Cybersecurity"""
"""Designed a secure mobile app with biometric authentication"", ""Mobile Security|Biometric Authentication|Android|Java|Cybersecurity"""
"""Built a secure data transfer protocol using TLS"", ""Data Transfer Security|TLS|Python|OpenSSL|Cybersecurity"""
"""Developed a SIEM system for centralized log analysis"", ""SIEM|Log Analysis|Elastic Stack|Kibana|Cybersecurity"""
"""Created a secure web scraping tool with data anonymization"", ""Web Scraping Security|Data Anonymization|Python|Scrapy|Cybersecurity"""
"""Implemented a secure digital voting system using blockchain"", ""Digital Voting|Blockchain|Hyperledger|Java|Cybersecurity"""
"""Designed a threat intelligence platform for sharing cyber threat data"", ""Threat Intelligence|Python|OpenIOC|STIX|Cybersecurity"""
""
""
"project_description,skills"
"""Developed a sentiment analysis tool for social media posts using NLP techniques"", ""Sentiment Analysis|NLP|Python|NLTK|TextBlob|Scikit-learn"""
"""Built a recommendation system for an e-commerce website using collaborative filtering"", ""Recommendation System|Collaborative Filtering|Python|Pandas|Scikit-learn"""
"""Implemented a chatbot for customer support using Rasa"", ""Chatbot|Rasa|Python|NLP|Machine Learning"""
"""Developed a facial recognition system using OpenCV and deep learning"", ""Facial Recognition|OpenCV|Deep Learning|Python|Keras|TensorFlow"""
"""Created a real-time object detection system using YOLO"", ""Object Detection|YOLO|Deep Learning|Python|OpenCV"""
"""Designed an image classification model using convolutional neural networks (CNNs)"", ""Image Classification|CNN|TensorFlow|Keras|Python"""
"""Built a speech recognition system using deep learning"", ""Speech Recognition|Deep Learning|Python|TensorFlow|Librosa"""
"""Developed a fraud detection system using anomaly detection techniques"", ""Fraud Detection|Anomaly Detection|Python|Scikit-learn|Pandas"""
"""Implemented a predictive maintenance model for industrial machines"", ""Predictive Maintenance|Machine Learning|Python|Scikit-learn|Pandas"""
"""Created a handwriting recognition system using deep learning"", ""Handwriting Recognition|Deep Learning|Python|Keras|TensorFlow"""
"""Designed a natural language generation system for automated content creation"", ""Natural Language Generation|NLP|Python|GPT-3|OpenAI"""
"""Built a machine translation system using seq2seq models"", ""Machine Translation|Seq2Seq|NLP|Python|TensorFlow"""
"""Developed a personalized news recommendation system using NLP and ML"", ""News Recommendation|NLP|Machine Learning|Python|Pandas|Scikit-learn"""
"""Implemented a stock price prediction model using LSTM networks"", ""Stock Price Prediction|LSTM|Deep Learning|Python|Keras|TensorFlow"""
"""Created a real-time emotion detection system using facial expressions"", ""Emotion Detection|Facial Expressions|Deep Learning|Python|OpenCV|Keras"""
"""Designed an autonomous driving system using reinforcement learning"", ""Autonomous Driving|Reinforcement Learning|Python|TensorFlow|OpenAI Gym"""
"""Built a healthcare diagnosis system using machine learning"", ""Healthcare Diagnosis|Machine Learning|Python|Scikit-learn|Pandas"""
"""Developed a movie recommendation system using content-based filtering"", ""Movie Recommendation|Content-based Filtering|Python|Pandas|Scikit-learn"""
"""Implemented an AI-powered virtual assistant using NLP"", ""Virtual Assistant|NLP|Python|Rasa|Machine Learning"""
"""Created a text summarization tool using deep learning techniques"", ""Text Summarization|Deep Learning|NLP|Python|TensorFlow|Keras"""
"""Designed a real-time face mask detection system using deep learning"", ""Face Mask Detection|Deep Learning|Python|OpenCV|TensorFlow|Keras"""
"""Built an AI model for predicting customer churn"", ""Customer Churn Prediction|Machine Learning|Python|Scikit-learn|Pandas"""
"""Developed a music genre classification system using deep learning"", ""Music Genre Classification|Deep Learning|Python|Librosa|Keras|TensorFlow"""
"""Implemented a self-learning chatbot using reinforcement learning"", ""Self-learning Chatbot|Reinforcement Learning|Python|TensorFlow|OpenAI Gym"""
"""Created an AI model for detecting spam emails using NLP"", ""Spam Detection|NLP|Python|Scikit-learn|Pandas"""
"""Designed a real-time traffic prediction system using machine learning"", ""Traffic Prediction|Machine Learning|Python|Scikit-learn|Pandas"""
"""Built a language detection tool using NLP techniques"", ""Language Detection|NLP|Python|NLTK|Scikit-learn"""
"""Developed an AI model for predicting house prices using regression"", ""House Price Prediction|Regression|Machine Learning|Python|Scikit-learn|Pandas"""
"""Implemented a customer sentiment analysis tool for product reviews"", ""Customer Sentiment Analysis|NLP|Python|TextBlob|Scikit-learn"""
"""Created a handwriting digit recognition system using CNNs"", ""Digit Recognition|CNN|Deep Learning|Python|Keras|TensorFlow"""
"""Designed a chatbot for mental health support using NLP"", ""Mental Health Chatbot|NLP|Python|Rasa|Machine Learning"""
"""Built an AI model for detecting credit card fraud"", ""Credit Card Fraud Detection|Machine Learning|Python|Scikit-learn|Pandas"""
"""Developed a real-time face recognition attendance system"", ""Face Recognition Attendance|Deep Learning|Python|OpenCV|Keras"""
"""Implemented an AI-powered content recommendation system"", ""Content Recommendation|Machine Learning|Python|Pandas|Scikit-learn"""
"""Created an AI model for detecting pneumonia from chest X-rays"", ""Pneumonia Detection|Deep Learning|Python|Keras|TensorFlow|OpenCV"""
"""Designed a real-time object tracking system using deep learning"", ""Object Tracking|Deep Learning|Python|OpenCV|Keras|TensorFlow"""
"""Built a machine learning model for predicting diabetes"", ""Diabetes Prediction|Machine Learning|Python|Scikit-learn|Pandas"""
"""Developed a real-time video analysis system using computer vision"", ""Video Analysis|Computer Vision|Deep Learning|Python|OpenCV"""
"""Implemented a voice-controlled AI assistant using NLP and speech recognition"", ""Voice Assistant|NLP|Speech Recognition|Python|TensorFlow|Keras"""
"""Created an AI model for predicting loan defaults using machine learning"", ""Loan Default Prediction|Machine Learning|Python|Scikit-learn|Pandas"""
"""Designed a real-time facial emotion recognition system"", ""Facial Emotion Recognition|Deep Learning|Python|OpenCV|Keras|TensorFlow"""
"""Built a personalized marketing recommendation system"", ""Marketing Recommendation|Machine Learning|Python|Pandas|Scikit-learn"""
"""Developed an AI model for detecting fake news using NLP"", ""Fake News Detection|NLP|Machine Learning|Python|Scikit-learn|Pandas"""
"""Implemented a real-time speech-to-text conversion system"", ""Speech-to-Text|Deep Learning|Python|TensorFlow|Keras|Librosa"""
"""Created an AI model for predicting heart disease using machine learning"", ""Heart Disease Prediction|Machine Learning|Python|Scikit-learn|Pandas"""
"""Designed a real-time vehicle detection system using deep learning"", ""Vehicle Detection|Deep Learning|Python|OpenCV|Keras|TensorFlow"""
"""Built an AI-powered recommendation system for online learning platforms"", ""Learning Recommendation|Machine Learning|Python|Pandas|Scikit-learn"""
"""Developed an AI model for detecting phishing websites using machine learning"", ""Phishing Detection|Machine Learning|Python|Scikit-learn|Pandas"""
"""Implemented a real-time activity recognition system using deep learning"", ""Activity Recognition|Deep Learning|Python|TensorFlow|Keras"""
"""Created an AI model for predicting employee attrition using machine learning"", ""Employee Attrition Prediction|Machine Learning|Python|Scikit-learn|Pandas"""
"""Designed a real-time object segmentation system using deep learning"", ""Object Segmentation|Deep Learning|Python|OpenCV|Keras|TensorFlow"""
"""Built an AI-powered content moderation system"", ""Content Moderation|Machine Learning|Python|Pandas|Scikit-learn"""
"""Developed an AI model for predicting car prices using regression"", ""Car Price Prediction|Regression|Machine Learning|Python|Scikit-learn|Pandas"""
"""Implemented a real-time gesture recognition system using computer vision"", ""Gesture Recognition|Computer Vision|Deep Learning|Python|OpenCV|Keras|TensorFlow"""
"""Created an AI model for predicting football match outcomes using machine learning"", ""Match Outcome Prediction|Machine Learning|Python|Scikit-learn|Pandas"""
"""Designed a real-time fraud detection system for online transactions"", ""Online Transaction Fraud Detection|Machine Learning|Python|Scikit-learn|Pandas"""
"""Built an AI-powered product recommendation system"", ""Product Recommendation|Machine Learning|Python|Pandas|Scikit-learn"""
"""Developed an AI model for predicting stock market trends using LSTM networks"", ""Stock Market Prediction|LSTM|Deep Learning|Python|TensorFlow|Keras"""
"""Implemented a real-time face swapping system using deep learning"", ""Face Swapping|Deep Learning|Python|OpenCV|Keras|TensorFlow"""
"""Created an AI model for detecting malicious network activity using machine learning"", ""Malicious Activity Detection|Machine Learning|Python|Scikit-learn|Pandas"""
"""Designed a real-time handwriting to text conversion system"", ""Handwriting to Text|Deep Learning|Python|TensorFlow|Keras|OpenCV"""
"""Built an AI-powered sentiment analysis tool for customer feedback"", ""Customer Feedback Sentiment Analysis|NLP|Python|TextBlob|Scikit-learn"""
"""Developed an AI model for predicting energy consumption using machine learning"", ""Energy Consumption Prediction|Machine Learning|Python|Scikit-learn|Pandas"""
"""Implemented a real-time face aging prediction system using deep learning"", ""Face Aging Prediction|Deep Learning|Python|OpenCV|Keras|TensorFlow"""
"""Created an AI model for detecting intrusions in network traffic using machine learning"", ""Intrusion Detection|Machine Learning|Python|Scikit-learn|Pandas"""
"""Designed a real-time document classification system using NLP"", ""Document Classification|NLP|Machine Learning|Python|Scikit-learn|Pandas"""
"""Built an AI-powered sentiment analysis tool for movie reviews"", ""Movie Review Sentiment Analysis|NLP|Python|TextBlob|Scikit-learn"""
"""Developed an AI model for predicting customer lifetime value using machine learning"", ""Customer Lifetime Value Prediction|Machine Learning|Python|Scikit-learn|Pandas"""
"""Implemented a real-time face attribute recognition system using deep learning"", ""Face Attribute Recognition|Deep Learning|Python|OpenCV|Keras|TensorFlow"""
"""Created an AI model for predicting user behavior on websites using machine learning"", ""User Behavior Prediction|Machine Learning|Python|Scikit-learn|Pandas"""
"""Designed a real-time voice emotion recognition system using deep learning"", ""Voice Emotion Recognition|Deep Learning|Python|Librosa|Keras|TensorFlow"""
"""Built an AI-powered recommendation system for music streaming platforms"", ""Music Recommendation|Machine Learning|Python|Pandas|Scikit-learn"""
"""Developed an AI model for predicting product demand using machine learning"", ""Product Demand Prediction|Machine Learning|Python|Scikit-learn|Pandas"""
"""Implemented a real-time face verification system using deep learning"", ""Face Verification|Deep Learning|Python|OpenCV|Keras|TensorFlow"""
"""Created an AI model for detecting anomalies in time series data using machine learning"", ""Anomaly Detection|Time Series Analysis|Machine Learning|Python|Scikit-learn|Pandas"""
"""Designed a real-time text generation system using deep learning"", ""Text Generation|Deep Learning|NLP|Python|TensorFlow|Keras"""
"""Built an AI-powered sentiment analysis tool for financial news"", ""Financial News Sentiment Analysis|NLP|Python|TextBlob|Scikit-learn"""
"""Developed an AI model for predicting sales using regression analysis"", ""Sales Prediction|Regression|Machine Learning|Python|Scikit-learn|Pandas"""
"""Implemented a real-time face spoof detection system using deep learning"", ""Face Spoof Detection|Deep Learning|Python|OpenCV|Keras|TensorFlow"""
"""Created an AI model for predicting flight delays using machine learning"", ""Flight Delay Prediction|Machine Learning|Python|Scikit-learn|Pandas"""
"""Designed a real-time voice to text conversion system using deep learning"", ""Voice to Text|Deep Learning|Python|Librosa|Keras|TensorFlow"""
"""Built an AI-powered recommendation system for job portals"", ""Job Recommendation|Machine Learning|Python|Pandas|Scikit-learn"""
"""Developed an AI model for detecting anomalies in medical images using deep learning"", ""Anomaly Detection|Medical Images|Deep Learning|Python|Keras|TensorFlow"""
"""Implemented a real-time face aging simulation system using deep learning"", ""Face Aging Simulation|Deep Learning|Python|OpenCV|Keras|TensorFlow"""
"""Created an AI model for predicting product return rates using machine learning"", ""Product Return Prediction|Machine Learning|Python|Scikit-learn|Pandas"""
"""Designed a real-time text classification system using NLP"", ""Text Classification|NLP|Machine Learning|Python|Scikit-learn|Pandas"""
"""Built an AI-powered sentiment analysis tool for political speeches"", ""Political Speech Sentiment Analysis|NLP|Python|TextBlob|Scikit-learn"""
"""Developed an AI model for predicting customer purchase behavior using machine learning"", ""Customer Purchase Prediction|Machine Learning|Python|Scikit-learn|Pandas"""
"""Implemented a real-time face recognition system for security applications"", ""Face Recognition|Deep Learning|Python|OpenCV|Keras|TensorFlow"""
"""Created an AI model for detecting cyber attacks using machine learning"", ""Cyber Attack Detection|Machine Learning|Python|Scikit-learn|Pandas"""
"""Designed a real-time text-to-speech conversion system using deep learning"", ""Text-to-Speech|Deep Learning|Python|TensorFlow|Keras|Librosa"""
"""Built an AI-powered sentiment analysis tool for sports commentary"", ""Sports Commentary Sentiment Analysis|NLP|Python|TextBlob|Scikit-learn"""
"""Developed an AI model for predicting rental prices using regression analysis"", ""Rental Price Prediction|Regression|Machine Learning|Python|Scikit-learn|Pandas"""
"""Implemented a real-time face liveness detection system using deep learning"", ""Face Liveness Detection|Deep Learning|Python|OpenCV|Keras|TensorFlow"""
"""Created an AI model for predicting user engagement on social media using machine learning"", ""User Engagement Prediction|Machine Learning|Python|Scikit-learn|Pandas"""
"""Designed a real-time voice activity detection system using deep learning"", ""Voice Activity Detection|Deep Learning|Python|Librosa|Keras|TensorFlow"""
"""Built an AI-powered recommendation system for online book stores"", ""Book Recommendation|Machine Learning|Python|Pandas|Scikit-learn"""
"""Developed an AI model for detecting anomalies in financial transactions using machine learning"", ""Anomaly Detection|Financial Transactions|Machine Learning|Python|Scikit-learn|Pandas"""
""
"project_description,skills"
"""Analyzed customer churn data to identify key retention strategies"", ""Customer Churn Analysis|Python|Pandas|Scikit-learn|Data Visualization"""
"""Developed a predictive model for sales forecasting"", ""Sales Forecasting|Time Series Analysis|Python|Pandas|Scikit-learn"""
"""Performed exploratory data analysis on a large dataset to uncover insights"", ""Exploratory Data Analysis|Python|Pandas|Matplotlib|Seaborn"""
"""Built a recommendation engine for a movie streaming service"", ""Recommendation Engine|Collaborative Filtering|Python|Pandas|Scikit-learn"""
"""Analyzed social media data to track public sentiment over time"", ""Social Media Analysis|NLP|Python|NLTK|TextBlob"""
"""Developed a fraud detection system for credit card transactions"", ""Fraud Detection|Machine Learning|Python|Scikit-learn|Pandas"""
"""Performed market basket analysis to identify product bundling opportunities"", ""Market Basket Analysis|Association Rules|Python|Pandas|MLxtend"""
"""Built a customer segmentation model for targeted marketing"", ""Customer Segmentation|Clustering|Python|Scikit-learn|Pandas"""
"""Analyzed financial data to predict stock prices"", ""Stock Price Prediction|Time Series Analysis|Python|Pandas|Scikit-learn"""
"""Developed a model to predict housing prices based on various features"", ""Housing Price Prediction|Regression|Python|Scikit-learn|Pandas"""
"""Performed sentiment analysis on product reviews"", ""Sentiment Analysis|NLP|Python|NLTK|TextBlob"""
"""Built a recommendation system for an online retail store"", ""Recommendation System|Collaborative Filtering|Python|Pandas|Scikit-learn"""
"""Analyzed healthcare data to predict patient readmissions"", ""Healthcare Data Analysis|Machine Learning|Python|Scikit-learn|Pandas"""
"""Developed a model to predict employee attrition"", ""Employee Attrition Prediction|Machine Learning|Python|Scikit-learn|Pandas"""
"""Performed data cleaning and preprocessing on a large dataset"", ""Data Cleaning|Preprocessing|Python|Pandas|Numpy"""
"""Built a model to predict loan defaults"", ""Loan Default Prediction|Machine Learning|Python|Scikit-learn|Pandas"""
"""Analyzed website traffic data to identify patterns and trends"", ""Website Traffic Analysis|Data Visualization|Python|Pandas|Matplotlib"""
"""Developed a model to predict energy consumption"", ""Energy Consumption Prediction|Time Series Analysis|Python|Pandas|Scikit-learn"""
"""Performed anomaly detection on network traffic data"", ""Anomaly Detection|Network Traffic|Python|Scikit-learn|Pandas"""
"""Built a customer lifetime value (CLV) prediction model"", ""Customer Lifetime Value Prediction|Machine Learning|Python|Scikit-learn|Pandas"""
"""Analyzed survey data to uncover insights and trends"", ""Survey Data Analysis|Data Visualization|Python|Pandas|Matplotlib"""
"""Developed a predictive maintenance model for industrial equipment"", ""Predictive Maintenance|Machine Learning|Python|Scikit-learn|Pandas"""
"""Performed feature engineering on a dataset to improve model performance"", ""Feature Engineering|Machine Learning|Python|Pandas|Scikit-learn"""
"""Built a recommendation system for a music streaming service"", ""Recommendation System|Collaborative Filtering|Python|Pandas|Scikit-learn"""
"""Analyzed weather data to predict future conditions"", ""Weather Prediction|Time Series Analysis|Python|Pandas|Scikit-learn"""
"""Developed a model to predict customer lifetime value"", ""Customer Lifetime Value Prediction|Machine Learning|Python|Scikit-learn|Pandas"""
"""Performed data visualization to present key insights from a dataset"", ""Data Visualization|Python|Matplotlib|Seaborn|Pandas"""
"""Built a model to predict student performance"", ""Student Performance Prediction|Machine Learning|Python|Scikit-learn|Pandas"""
"""Analyzed transportation data to optimize routes and schedules"", ""Transportation Data Analysis|Optimization|Python|Pandas|Scikit-learn"""
"""Developed a model to predict product demand"", ""Product Demand Prediction|Machine Learning|Python|Scikit-learn|Pandas"""
"""Performed sentiment analysis on social media data"", ""Sentiment Analysis|NLP|Python|NLTK|TextBlob"""
"""Built a recommendation system for a book store"", ""Book Recommendation System|Collaborative Filtering|Python|Pandas|Scikit-learn"""
"""Analyzed sales data to identify key drivers of revenue"", ""Sales Data Analysis|Data Visualization|Python|Pandas|Matplotlib"""
"""Developed a model to predict flight delays"", ""Flight Delay Prediction|Machine Learning|Python|Scikit-learn|Pandas"""
"""Performed data preprocessing on a large dataset"", ""Data Preprocessing|Python|Pandas|Numpy"""
"""Built a model to predict disease outbreaks"", ""Disease Outbreak Prediction|Machine Learning|Python|Scikit-learn|Pandas"""
"""Analyzed customer feedback to improve product offerings"", ""Customer Feedback Analysis|NLP|Python|NLTK|TextBlob"""
"""Developed a model to predict electricity consumption"", ""Electricity Consumption Prediction|Time Series Analysis|Python|Pandas|Scikit-learn"""
"""Performed clustering analysis to identify customer segments"", ""Clustering Analysis|Customer Segmentation|Python|Scikit-learn|Pandas"""
"""Built a recommendation system for an online news platform"", ""News Recommendation System|Collaborative Filtering|Python|Pandas|Scikit-learn"""
"""Analyzed sports data to predict game outcomes"", ""Sports Data Analysis|Machine Learning|Python|Scikit-learn|Pandas"""
"""Developed a model to predict insurance claims"", ""Insurance Claim Prediction|Machine Learning|Python|Scikit-learn|Pandas"""
"""Performed data cleaning and transformation on a large dataset"", ""Data Cleaning|Transformation|Python|Pandas|Numpy"""
"""Built a model to predict sales for a retail store"", ""Retail Sales Prediction|Machine Learning|Python|Scikit-learn|Pandas"""
"""Analyzed marketing campaign data to measure effectiveness"", ""Marketing Campaign Analysis|Data Visualization|Python|Pandas|Matplotlib"""
"""Developed a model to predict employee performance"", ""Employee Performance Prediction|Machine Learning|Python|Scikit-learn|Pandas"""
"""Performed feature selection to improve model accuracy"", ""Feature Selection|Machine Learning|Python|Scikit-learn|Pandas"""
"""Built a recommendation system for an online grocery store"", ""Grocery Recommendation System|Collaborative Filtering|Python|Pandas|Scikit-learn"""
"""Analyzed financial statements to predict company performance"", ""Financial Statement Analysis|Machine Learning|Python|Scikit-learn|Pandas"""
"""Developed a model to predict customer satisfaction"", ""Customer Satisfaction Prediction|Machine Learning|Python|Scikit-learn|Pandas"""
"""Performed data analysis to identify trends in sales data"", ""Sales Data Analysis|Data Visualization|Python|Pandas|Matplotlib"""
"""Built a model to predict house prices"", ""House Price Prediction|Machine Learning|Python|Scikit-learn|Pandas"""
"""Analyzed traffic data to optimize traffic signals"", ""Traffic Data Analysis|Optimization|Python|Pandas|Scikit-learn"""
"""Developed a model to predict customer loyalty"", ""Customer Loyalty Prediction|Machine Learning|Python|Scikit-learn|Pandas"""
"""Performed exploratory data analysis on a customer dataset"", ""Exploratory Data Analysis|Python|Pandas|Matplotlib|Seaborn"""
"""Built a recommendation system for a video streaming service"", ""Video Recommendation System|Collaborative Filtering|Python|Pandas|Scikit-learn"""
"""Analyzed healthcare data to predict patient outcomes"", ""Healthcare Data Analysis|Machine Learning|Python|Scikit-learn|Pandas"""
"""Developed a model to predict credit risk"", ""Credit Risk Prediction|Machine Learning|Python|Scikit-learn|Pandas"""
"""Performed data cleaning on a large financial dataset"", ""Data Cleaning|Financial Data|Python|Pandas|Numpy"""
"""Built a model to predict sales for an e-commerce platform"", ""E-commerce Sales Prediction|Machine Learning|Python|Scikit-learn|Pandas"""
"""Analyzed marketing data to identify key trends"", ""Marketing Data Analysis|Data Visualization|Python|Pandas|Matplotlib"""
"""Developed a model to predict job performance"", ""Job Performance Prediction|Machine Learning|Python|Scikit-learn|Pandas"""
"""Performed feature engineering to improve model accuracy"", ""Feature Engineering|Machine Learning|Python|Pandas|Scikit-learn"""
"""Built a recommendation system for a travel website"", ""Travel Recommendation System|Collaborative Filtering|Python|Pandas|Scikit-learn"""
"""Analyzed economic data to predict GDP growth"", ""GDP Prediction|Economic Data Analysis|Python|Scikit-learn|Pandas"""
"""Developed a model to predict customer retention"", ""Customer Retention Prediction|Machine Learning|Python|Scikit-learn|Pandas"""
"""Performed data visualization to present insights from a marketing dataset"", ""Data Visualization|Python|Matplotlib|Seaborn|Pandas"""
"""Built a model to predict product sales"", ""Product Sales Prediction|Machine Learning|Python|Scikit-learn|Pandas"""
"""Analyzed traffic data to identify congestion patterns"", ""Traffic Data Analysis|Data Visualization|Python|Pandas|Matplotlib"""
"""Developed a model to predict employee turnover"", ""Employee Turnover Prediction|Machine Learning|Python|Scikit-learn|Pandas"""
"""Performed exploratory data analysis on a financial dataset"", ""Exploratory Data Analysis|Python|Pandas|Matplotlib|Seaborn"""
"""Built a recommendation system for an online fashion store"", ""Fashion Recommendation System|Collaborative Filtering|Python|Pandas|Scikit-learn"""
"""Analyzed healthcare data to identify key health trends"", ""Healthcare Data Analysis|Data Visualization|Python|Pandas|Matplotlib"""
"""Developed a model to predict loan approval"", ""Loan Approval Prediction|Machine Learning|Python|Scikit-learn|Pandas"""
"""Performed data preprocessing on a healthcare dataset"", ""Data Preprocessing|Healthcare Data|Python|Pandas|Numpy"""
"""Built a model to predict sales for a retail chain"", ""Retail Chain Sales Prediction|Machine Learning|Python|Scikit-learn|Pandas"""
"""Analyzed customer data to identify key trends"", ""Customer Data Analysis|Data Visualization|Python|Pandas|Matplotlib"""
"""Developed a model to predict house rental prices"", ""House Rental Price Prediction|Machine Learning|Python|Scikit-learn|Pandas"""
"""Performed clustering analysis to identify patterns in customer data"", ""Clustering Analysis|Customer Data|Python|Scikit-learn|Pandas"""
"""Built a recommendation system for a restaurant review platform"", ""Restaurant Recommendation System|Collaborative Filtering|Python|Pandas|Scikit-learn"""
"""Analyzed financial data to predict stock market trends"", ""Stock Market Analysis|Time Series Analysis|Python|Pandas|Scikit-learn"""
"""Developed a model to predict customer purchase behavior"", ""Customer Purchase Prediction|Machine Learning|Python|Scikit-learn|Pandas"""
"""Performed data analysis to uncover insights from a large dataset"", ""Data Analysis|Python|Pandas|Matplotlib|Seaborn"""
"""Built a recommendation system for an online education platform"", ""Education Recommendation System|Collaborative Filtering|Python|Pandas|Scikit-learn"""
"""Analyzed healthcare data to predict patient outcomes"", ""Healthcare Data Analysis|Machine Learning|Python|Scikit-learn|Pandas"""
"""Developed a model to predict credit risk"", ""Credit Risk Prediction|Machine Learning|Python|Scikit-learn|Pandas"""
"""Performed data cleaning on a large financial dataset"", ""Data Cleaning|Financial Data|Python|Pandas|Numpy"""
"""Built a model to predict sales for an e-commerce platform"", ""E-commerce Sales Prediction|Machine Learning|Python|Scikit-learn|Pandas"""
"""Analyzed marketing data to identify key trends"", ""Marketing Data Analysis|Data Visualization|Python|Pandas|Matplotlib"""
"""Developed a model to predict job performance"", ""Job Performance Prediction|Machine Learning|Python|Scikit-learn|Pandas"""
"""Performed feature engineering to improve model accuracy"", ""Feature Engineering|Machine Learning|Python|Pandas|Scikit-learn"""
"""Built a recommendation system for a travel website"", ""Travel Recommendation System|Collaborative Filtering|Python|Pandas|Scikit-learn"""
"""Analyzed economic data to predict GDP growth"", ""GDP Prediction|Economic Data Analysis|Python|Scikit-learn|Pandas"""
"""Developed a model to predict customer retention"", ""Customer Retention Prediction|Machine Learning|Python|Scikit-learn|Pandas"""
"""Performed data visualization to present insights from a marketing dataset"", ""Data Visualization|Python|Matplotlib|Seaborn|Pandas"""
"""Built a model to predict product sales"", ""Product Sales Prediction|Machine Learning|Python|Scikit-learn|Pandas"""
"""Analyzed traffic data to identify congestion patterns"", ""Traffic Data Analysis|Data Visualization|Python|Pandas|Matplotlib"""
"""Developed a model to predict employee turnover"", ""Employee Turnover Prediction|Machine Learning|Python|Scikit-learn|Pandas"""
"""Performed exploratory data analysis on a financial dataset"", ""Exploratory Data Analysis|Python|Pandas|Matplotlib|Seaborn"""
"""Built a recommendation system for an online fashion store"", ""Fashion Recommendation System|Collaborative Filtering|Python|Pandas|Scikit-learn"""
"""Analyzed healthcare data to identify key health trends"", ""Healthcare Data Analysis|Data Visualization|Python|Pandas|Matplotlib"""
"""Developed a model to predict loan approval"", ""Loan Approval Prediction|Machine Learning|Python|Scikit-learn|Pandas"""
"""Performed data preprocessing on a healthcare dataset"", ""Data Preprocessing|Healthcare Data|Python|Pandas|Numpy"""
"""Built a model to predict sales for a retail chain"", ""Retail Chain Sales Prediction|Machine Learning|Python|Scikit-learn|Pandas"""
"""Analyzed customer data to identify key trends"", ""Customer Data Analysis|Data Visualization|Python|Pandas|Matplotlib"""
"""Developed a model to predict house rental prices"", ""House Rental Price Prediction|Machine Learning|Python|Scikit-learn|Pandas"""
"""Performed clustering analysis to identify patterns in customer data"", ""Clustering Analysis|Customer Data|Python|Scikit-learn|Pandas"""
"""Built a recommendation system for a restaurant review platform"", ""Restaurant Recommendation System|Collaborative Filtering|Python|Pandas|Scikit-learn"""
"""Analyzed financial data to predict stock market trends"", ""Stock Market Analysis|Time Series Analysis|Python|Pandas|Scikit-learn"""
"""Developed a model to predict customer purchase behavior"", ""Customer Purchase Prediction|Machine Learning|Python|Scikit-learn|Pandas"""
"""Performed data analysis to uncover insights from a large dataset"", ""Data Analysis|Python|Pandas|Matplotlib|Seaborn"""
"""Built a recommendation system for an online education platform"", ""Education Recommendation System|Collaborative Filtering|Python|Pandas|Scikit-learn"""
"""Analyzed healthcare data to predict patient outcomes"", ""Healthcare Data Analysis|Machine Learning|Python|Scikit-learn|Pandas"""
"""Developed a model to predict credit risk"", ""Credit Risk Prediction|Machine Learning|Python|Scikit-learn|Pandas"""
"""Performed data cleaning on a large financial dataset"", ""Data Cleaning|Financial Data|Python|Pandas|Numpy"""
"""Built a model to predict sales for an e-commerce platform"", ""E-commerce Sales Prediction|Machine Learning|Python|Scikit-learn|Pandas"""
"""Analyzed marketing data to identify key trends"", ""Marketing Data Analysis|Data Visualization|Python|Pandas|Matplotlib"""
"""Developed a model to predict job performance"", ""Job Performance Prediction|Machine Learning|Python|Scikit-learn|Pandas"""
"""Performed feature engineering to improve model accuracy"", ""Feature Engineering|Machine Learning|Python|Pandas|Scikit-learn"""
"""Built a recommendation system for a travel website"", ""Travel Recommendation System|Collaborative Filtering|Python|Pandas|Scikit-learn"""
"""Analyzed economic data to predict GDP growth"", ""GDP Prediction|Economic Data Analysis|Python|Scikit-learn|Pandas"""
"""Developed a model to predict customer retention"", ""Customer Retention Prediction|Machine Learning|Python|Scikit-learn|Pandas"""
"""Performed data visualization to present insights from a marketing dataset"", ""Data Visualization|Python|Matplotlib|Seaborn|Pandas"""
"""Built a model to predict product sales"", ""Product Sales Prediction|Machine Learning|Python|Scikit-learn|Pandas"""
"""Analyzed traffic data to identify congestion patterns"", ""Traffic Data Analysis|Data Visualization|Python|Pandas|Matplotlib"""
"""Developed a model to predict employee turnover"", ""Employee Turnover Prediction|Machine Learning|Python|Scikit-learn|Pandas"""
"""Performed exploratory data analysis on a financial dataset"", ""Exploratory Data Analysis|Python|Pandas|Matplotlib|Seaborn"""
"""Built a recommendation system for an online fashion store"", ""Fashion Recommendation System|Collaborative Filtering|Python|Pandas|Scikit-learn"""
"""Analyzed healthcare data to identify key health trends"", ""Healthcare Data Analysis|Data Visualization|Python|Pandas|Matplotlib"""
"""Developed a model to predict loan approval"", ""Loan Approval Prediction|Machine Learning|Python|Scikit-learn|Pandas"""
"""Performed data preprocessing on a healthcare dataset"", ""Data Preprocessing|Healthcare Data|Python|Pandas|Numpy"""
"""Built a model to predict sales for a retail chain"", ""Retail Chain Sales Prediction|Machine Learning|Python|Scikit-learn|Pandas"""
"""Analyzed customer data to identify key trends"", ""Customer Data Analysis|Data Visualization|Python|Pandas|Matplotlib"""
"""Developed a model to predict house rental prices"", ""House Rental Price Prediction|Machine Learning|Python|Scikit-learn|Pandas"""
"""Performed clustering analysis to identify patterns in customer data"", ""Clustering Analysis|Customer Data|Python|Scikit-learn|Pandas"""
"""Built a recommendation system for a restaurant review platform"", ""Restaurant Recommendation System|Collaborative Filtering|Python|Pandas|Scikit-learn"""
"""Analyzed financial data to predict stock market trends"", ""Stock Market Analysis|Time Series Analysis|Python|Pandas|Scikit-learn"""
"""Developed a model to predict customer purchase behavior"", ""Customer Purchase Prediction|Machine Learning|Python|Scikit-learn|Pandas"""
"""Performed data analysis to uncover insights from a large dataset"", ""Data Analysis|Python|Pandas|Matplotlib|Seaborn"""
"""Built a recommendation system for an online education platform"", ""Education Recommendation System|Collaborative Filtering|Python|Pandas|Scikit-learn"""
